{"nm":"Main Scene","ddd":0,"h":512,"w":512,"meta":{"g":"@lottiefiles/creator 1.54.2"},"layers":[{"ty":0,"nm":"H","sr":1,"st":0,"op":60,"ip":0,"hd":false,"ddd":0,"bm":0,"hasMask":false,"ao":0,"ks":{"a":{"a":0,"k":[33.49998662846991,65.00000158649851]},"s":{"a":0,"k":[179.21955956480355,143.4625135820355]},"sk":{"a":0,"k":0},"p":{"a":0,"k":[256.0000133715301,282.53853362168167]},"r":{"a":0,"k":0},"sa":{"a":0,"k":0},"o":{"a":0,"k":100}},"w":67,"h":130,"refId":"precomp_Shape Layer - SVG_q8EJ5OQu7I_8da32d10-eaec-4978-9368-a83ac5aaaeb4","ind":1},{"ty":4,"nm":"Path 3","sr":1,"st":0,"op":60,"ip":0,"hd":false,"ddd":0,"bm":0,"hasMask":false,"ao":0,"ks":{"a":{"a":0,"k":[280.9745408596286,252.48022500327832]},"s":{"a":0,"k":[100,100]},"sk":{"a":0,"k":0},"p":{"a":0,"k":[256.47485783446047,256.4280408648659]},"r":{"a":0,"k":0},"sa":{"a":0,"k":0},"o":{"a":0,"k":100}},"shapes":[{"ty":"sh","bm":0,"hd":false,"nm":"Path Curve 2","d":1,"ks":{"a":0,"k":{"c":true,"i":[[0,0],[0,0],[0,0],[0,0],[0,0],[0,0],[0,0]],"o":[[0,0],[0,0],[0,0],[0,0],[0,0],[0,0],[0,0]],"v":[[277.5502139407019,124.92404727325986],[120.88725739980686,254.19238846274158],[173.10824291343857,255.90455192220492],[172.2521611837069,379.180321003565],[381.99218496796533,379.180321003565],[384.5604301571603,261.04104230059494],[441.0618243194503,260.18496057086327]]}}},{"ty":"tm","bm":0,"hd":false,"nm":"Trim Path","e":{"a":0,"k":70},"o":{"a":1,"k":[{"o":{"x":0.167,"y":0.167},"i":{"x":0.833,"y":0.833},"s":[0],"t":0},{"s":[360],"t":60}]},"s":{"a":0,"k":0},"m":1},{"ty":"st","bm":0,"hd":false,"nm":"Stroke","lc":2,"lj":2,"ml":1,"o":{"a":0,"k":100},"w":{"a":0,"k":21},"c":{"a":0,"k":[0.9137,0.5412,0.0627]}}],"ind":2}],"v":"5.7.0","fr":30,"op":60,"ip":0,"assets":[{"nm":"Nested Scene 1","id":"precomp_Shape Layer - SVG_q8EJ5OQu7I_8da32d10-eaec-4978-9368-a83ac5aaaeb4","layers":[{"ty":4,"nm":"Shape Layer 1","sr":1,"st":0,"op":150,"ip":0,"hd":false,"ddd":0,"bm":0,"hasMask":false,"ao":0,"ks":{"a":{"a":0,"k":[33.49998662846991,65.00000158649851]},"s":{"a":0,"k":[100,100]},"sk":{"a":0,"k":0},"p":{"a":0,"k":[33.49998662846991,65.00000158649851]},"r":{"a":0,"k":0},"sa":{"a":0,"k":0},"o":{"a":0,"k":100}},"shapes":[{"ty":"gr","bm":0,"hd":false,"nm":"Group 1","it":[{"ty":"sh","bm":0,"hd":false,"nm":"Path 1","d":1,"ks":{"a":0,"k":{"c":true,"i":[[0,0],[0,0],[0,0],[0,0],[0,0],[0,0],[0,0],[0,0],[0,0],[0,0],[0,0],[0,0],[0,0]],"o":[[0,0],[0,0],[0,0],[0,0],[0,0],[0,0],[0,0],[0,0],[0,0],[0,0],[0,0],[0,0],[0,0]],"v":[[5,100],[5,30],[19,30],[19,58.2],[48,58.2],[48,30],[62,30],[62,100],[48,100],[48,70.8],[19,70.8],[19,100],[5,100]]}}},{"ty":"fl","bm":0,"hd":false,"nm":"Fill","c":{"a":0,"k":[0.0863,0.1765,0.2431]},"r":1,"o":{"a":0,"k":100}},{"ty":"tr","a":{"a":0,"k":[33.49998662846991,65.00000158649851]},"s":{"a":0,"k":[100,100]},"sk":{"a":0,"k":0},"p":{"a":0,"k":[33.49998662846991,65.00000158649851]},"r":{"a":0,"k":0},"sa":{"a":0,"k":0},"o":{"a":0,"k":100}}]}],"ind":1}]}]}